timestamp,experiment,traffic_type,5qi,DRB.UEThpDl,DRB.UEThpUl,DRB.RlcSduDelayDl
2026-05-03 07:34:06,no_qos,voice,1,0.0,83.0,
2026-05-03 07:34:07,no_qos,voice,1,0.0,82.0,
2026-05-03 07:34:08,no_qos,voice,1,0.0,82.0,
2026-05-03 07:34:09,no_qos,voice,1,0.0,82.0,
2026-05-03 07:34:10,no_qos,voice,1,0.0,82.0,
2026-05-03 07:34:11,no_qos,voice,1,0.0,82.0,
2026-05-03 07:34:12,no_qos,voice,1,0.0,82.0,
2026-05-03 07:34:14,no_qos,voice,1,0.0,83.0,
2026-05-03 07:34:15,no_qos,voice,1,0.0,82.0,
2026-05-03 07:34:16,no_qos,voice,1,0.0,83.0,
2026-05-03 07:34:17,no_qos,voice,1,0.0,82.0,
2026-05-03 07:34:18,no_qos,voice,1,0.0,94.0,
2026-05-03 07:34:20,no_qos,voice,1,0.0,100.0,
2026-05-03 07:34:21,no_qos,voice,1,0.0,128.0,
2026-05-03 07:34:25,no_qos,voice,1,0.0,177.0,
2026-05-03 07:34:30,no_qos,voice,1,0.0,346.0,
2026-05-03 07:34:34,no_qos,voice,1,0.0,344.0,
2026-05-03 07:34:38,no_qos,voice,1,0.0,340.0,
2026-05-03 07:34:39,no_qos,voice,1,0.0,211.0,
2026-05-03 07:34:40,no_qos,voice,1,0.0,85.0,
2026-05-03 07:34:41,no_qos,voice,1,0.0,80.0,
2026-05-03 07:34:42,no_qos,voice,1,0.0,82.0,
2026-05-03 07:34:43,no_qos,voice,1,0.0,83.0,
2026-05-03 07:34:45,no_qos,voice,1,0.0,82.0,
2026-05-03 07:34:46,no_qos,voice,1,0.0,83.0,
2026-05-03 07:34:47,no_qos,voice,1,0.0,83.0,
2026-05-03 07:34:48,no_qos,voice,1,0.0,86.0,
2026-05-03 07:34:50,no_qos,voice,1,0.0,117.0,
2026-05-03 07:34:51,no_qos,voice,1,0.0,117.0,
2026-05-03 07:34:55,no_qos,voice,1,0.0,178.0,
2026-05-03 07:35:00,no_qos,voice,1,0.0,343.0,
2026-05-03 07:35:04,no_qos,voice,1,0.0,351.0,
2026-05-03 07:35:07,no_qos,voice,1,0.0,331.0,
2026-05-03 07:35:08,no_qos,voice,1,0.0,108.0,
2026-05-03 07:35:09,no_qos,voice,1,0.0,83.0,
2026-05-03 07:35:10,no_qos,voice,1,0.0,80.0,
2026-05-03 07:35:11,no_qos,voice,1,0.0,83.0,
2026-05-03 07:35:12,no_qos,voice,1,0.0,80.0,
2026-05-03 07:35:13,no_qos,voice,1,0.0,85.0,
2026-05-03 07:35:14,no_qos,voice,1,0.0,82.0,
2026-05-03 07:35:15,no_qos,voice,1,0.0,82.0,
2026-05-03 07:35:16,no_qos,voice,1,0.0,82.0,
2026-05-03 07:35:17,no_qos,voice,1,0.0,83.0,
2026-05-03 07:35:19,no_qos,voice,1,0.0,99.0,
2026-05-03 07:35:21,no_qos,voice,1,0.0,124.0,
2026-05-03 07:35:23,no_qos,voice,1,0.0,119.0,
2026-05-03 07:35:27,no_qos,voice,1,0.0,267.0,
2026-05-03 07:35:32,no_qos,voice,1,0.0,352.0,
2026-05-03 07:35:36,no_qos,voice,1,0.0,352.0,
2026-05-03 07:35:41,no_qos,voice,1,0.0,337.0,
2026-05-03 07:35:42,no_qos,voice,1,0.0,265.0,
2026-05-03 07:35:43,no_qos,voice,1,0.0,85.0,
2026-05-03 07:35:44,no_qos,voice,1,0.0,82.0,
2026-05-03 07:35:45,no_qos,voice,1,0.0,83.0,
2026-05-03 07:35:46,no_qos,voice,1,0.0,82.0,
2026-05-03 07:35:47,no_qos,voice,1,0.0,80.0,
2026-05-03 07:35:48,no_qos,voice,1,0.0,83.0,
2026-05-03 07:35:50,no_qos,voice,1,0.0,82.0,
2026-05-03 07:35:51,no_qos,voice,1,0.0,83.0,
2026-05-03 07:35:52,no_qos,voice,1,0.0,83.0,
2026-05-03 07:35:53,no_qos,voice,1,0.0,88.0,
2026-05-03 07:35:55,no_qos,voice,1,0.0,110.0,
2026-05-03 07:35:56,no_qos,voice,1,0.0,122.0,
2026-05-03 07:36:00,no_qos,voice,1,0.0,136.0,
2026-05-03 07:36:04,no_qos,voice,1,0.0,337.0,
2026-05-03 07:36:08,no_qos,voice,1,0.0,341.0,
2026-05-03 07:36:13,no_qos,voice,1,0.0,340.0,
2026-05-03 07:36:16,no_qos,voice,1,0.0,339.0,
2026-05-03 07:36:17,no_qos,voice,1,0.0,123.0,
2026-05-03 07:36:18,no_qos,voice,1,0.0,83.0,
2026-05-03 07:36:19,no_qos,voice,1,0.0,82.0,
2026-05-03 07:36:20,no_qos,voice,1,0.0,82.0,
2026-05-03 07:36:21,no_qos,voice,1,0.0,82.0,
2026-05-03 07:36:22,no_qos,voice,1,0.0,82.0,
2026-05-03 07:36:23,no_qos,voice,1,0.0,83.0,
2026-05-03 07:36:24,no_qos,voice,1,0.0,82.0,
2026-05-03 07:36:25,no_qos,voice,1,0.0,85.0,
2026-05-03 07:36:26,no_qos,voice,1,0.0,83.0,
2026-05-03 07:36:28,no_qos,voice,1,0.0,90.0,
2026-05-03 07:36:29,no_qos,voice,1,0.0,122.0,
2026-05-03 07:36:31,no_qos,voice,1,0.0,111.0,
2026-05-03 07:36:36,no_qos,voice,1,0.0,237.0,
2026-05-03 07:36:40,no_qos,voice,1,0.0,345.0,
2026-05-03 07:36:44,no_qos,voice,1,0.0,341.0,
2026-05-03 07:36:48,no_qos,voice,1,0.0,343.0,
2026-05-03 07:36:49,no_qos,voice,1,0.0,200.0,
2026-05-03 07:36:50,no_qos,voice,1,0.0,86.0,
2026-05-03 07:36:52,no_qos,voice,1,0.0,82.0,
2026-05-03 07:36:53,no_qos,voice,1,0.0,83.0,
2026-05-03 07:36:54,no_qos,voice,1,0.0,80.0,
2026-05-03 07:36:55,no_qos,voice,1,0.0,83.0,
2026-05-03 07:36:56,no_qos,voice,1,0.0,82.0,
2026-05-03 07:36:57,no_qos,voice,1,0.0,82.0,
2026-05-03 07:36:58,no_qos,voice,1,0.0,82.0,
2026-05-03 07:36:59,no_qos,voice,1,0.0,83.0,
2026-05-03 07:37:00,no_qos,voice,1,0.0,83.0,
2026-05-03 07:37:01,no_qos,voice,1,0.0,82.0,
2026-05-03 07:37:02,no_qos,voice,1,0.0,80.0,
2026-05-03 07:37:04,no_qos,voice,1,0.0,0.0,
2026-05-03 07:37:05,no_qos,video_call,2,0.0,0.0,
2026-05-03 07:37:09,no_qos,video_call,2,0.0,801.0,
2026-05-03 07:37:14,no_qos,video_call,2,0.0,2352.0,
2026-05-03 07:37:19,no_qos,video_call,2,0.0,2422.0,
2026-05-03 07:37:22,no_qos,video_call,2,0.0,2478.0,
2026-05-03 07:37:24,no_qos,video_call,2,0.0,1344.0,
2026-05-03 07:37:25,no_qos,video_call,2,0.0,582.0,
2026-05-03 07:37:26,no_qos,video_call,2,0.0,550.0,
2026-05-03 07:37:27,no_qos,video_call,2,0.0,574.0,
2026-05-03 07:37:28,no_qos,video_call,2,0.0,554.0,
2026-05-03 07:37:29,no_qos,video_call,2,0.0,564.0,
2026-05-03 07:37:30,no_qos,video_call,2,0.0,570.0,
2026-05-03 07:37:31,no_qos,video_call,2,0.0,568.0,
2026-05-03 07:37:32,no_qos,video_call,2,0.0,561.0,
2026-05-03 07:37:33,no_qos,video_call,2,0.0,572.0,
2026-05-03 07:37:35,no_qos,video_call,2,0.0,636.0,
2026-05-03 07:37:37,no_qos,video_call,2,0.0,885.0,
2026-05-03 07:37:39,no_qos,video_call,2,0.0,881.0,
2026-05-03 07:37:43,no_qos,video_call,2,0.0,1750.0,
2026-05-03 07:37:48,no_qos,video_call,2,0.0,2343.0,
2026-05-03 07:37:52,no_qos,video_call,2,0.0,2338.0,
2026-05-03 07:37:53,no_qos,video_call,2,0.0,1793.0,
2026-05-03 07:37:55,no_qos,video_call,2,0.0,594.0,
2026-05-03 07:37:56,no_qos,video_call,2,0.0,574.0,
2026-05-03 07:37:57,no_qos,video_call,2,0.0,584.0,
2026-05-03 07:37:58,no_qos,video_call,2,0.0,584.0,
2026-05-03 07:37:59,no_qos,video_call,2,0.0,604.0,
2026-05-03 07:38:01,no_qos,video_call,2,0.0,709.0,
2026-05-03 07:38:05,no_qos,video_call,2,0.0,1580.0,
2026-05-03 07:38:10,no_qos,video_call,2,0.0,2112.0,
2026-05-03 07:38:12,no_qos,video_call,2,0.0,2340.0,
2026-05-03 07:38:13,no_qos,video_call,2,0.0,785.0,
2026-05-03 07:38:14,no_qos,video_call,2,0.0,564.0,
2026-05-03 07:38:15,no_qos,video_call,2,0.0,554.0,
2026-05-03 07:38:16,no_qos,video_call,2,0.0,564.0,
2026-05-03 07:38:17,no_qos,video_call,2,0.0,560.0,
2026-05-03 07:38:19,no_qos,video_call,2,0.0,564.0,
2026-05-03 07:38:20,no_qos,video_call,2,0.0,558.0,
2026-05-03 07:38:21,no_qos,video_call,2,0.0,564.0,
2026-05-03 07:38:22,no_qos,video_call,2,0.0,564.0,
2026-05-03 07:38:23,no_qos,video_call,2,0.0,569.0,
2026-05-03 07:38:24,no_qos,video_call,2,0.0,566.0,
2026-05-03 07:38:25,no_qos,video_call,2,0.0,598.0,
2026-05-03 07:38:27,no_qos,video_call,2,0.0,733.0,
2026-05-03 07:38:28,no_qos,video_call,2,0.0,830.0,
2026-05-03 07:38:32,no_qos,video_call,2,0.0,851.0,
2026-05-03 07:38:36,no_qos,video_call,2,0.0,2264.0,
2026-05-03 07:38:41,no_qos,video_call,2,0.0,2397.0,
2026-05-03 07:38:45,no_qos,video_call,2,0.0,2604.0,
2026-05-03 07:38:48,no_qos,video_call,2,0.0,2291.0,
2026-05-03 07:38:49,no_qos,video_call,2,0.0,793.0,
2026-05-03 07:38:50,no_qos,video_call,2,0.0,564.0,
2026-05-03 07:38:51,no_qos,video_call,2,0.0,558.0,
2026-05-03 07:38:52,no_qos,video_call,2,0.0,550.0,
2026-05-03 07:38:53,no_qos,video_call,2,0.0,570.0,
2026-05-03 07:38:55,no_qos,video_call,2,0.0,558.0,
2026-05-03 07:38:56,no_qos,video_call,2,0.0,564.0,
2026-05-03 07:38:57,no_qos,video_call,2,0.0,568.0,
2026-05-03 07:38:58,no_qos,video_call,2,0.0,564.0,
2026-05-03 07:38:59,no_qos,video_call,2,0.0,570.0,
2026-05-03 07:39:01,no_qos,video_call,2,0.0,782.0,
2026-05-03 07:39:02,no_qos,video_call,2,0.0,818.0,
2026-05-03 07:39:05,no_qos,video_call,2,0.0,875.0,
2026-05-03 07:39:10,no_qos,video_call,2,0.0,2144.0,
2026-05-03 07:39:15,no_qos,video_call,2,0.0,2648.0,
2026-05-03 07:39:17,no_qos,video_call,2,0.0,2095.0,
2026-05-03 07:39:18,no_qos,video_call,2,0.0,648.0,
2026-05-03 07:39:19,no_qos,video_call,2,0.0,609.0,
2026-05-03 07:39:20,no_qos,video_call,2,0.0,581.0,
2026-05-03 07:39:21,no_qos,video_call,2,0.0,666.0,
2026-05-03 07:39:22,no_qos,video_call,2,0.0,571.0,
2026-05-03 07:39:24,no_qos,video_call,2,0.0,557.0,
2026-05-03 07:39:25,no_qos,video_call,2,0.0,663.0,
2026-05-03 07:39:27,no_qos,video_call,2,0.0,767.0,
2026-05-03 07:39:28,no_qos,video_call,2,0.0,891.0,
2026-05-03 07:39:34,no_qos,video_call,2,0.0,1768.0,
2026-05-03 07:39:39,no_qos,video_call,2,0.0,2856.0,
2026-05-03 07:39:44,no_qos,video_call,2,0.0,2618.0,
2026-05-03 07:39:47,no_qos,video_call,2,0.0,2401.0,
2026-05-03 07:39:48,no_qos,video_call,2,0.0,1041.0,
2026-05-03 07:39:49,no_qos,video_call,2,0.0,574.0,
2026-05-03 07:39:50,no_qos,video_call,2,0.0,548.0,
2026-05-03 07:39:51,no_qos,video_call,2,0.0,564.0,
2026-05-03 07:39:52,no_qos,video_call,2,0.0,558.0,
2026-05-03 07:39:53,no_qos,video_call,2,0.0,570.0,
2026-05-03 07:39:55,no_qos,video_call,2,0.0,554.0,
2026-05-03 07:39:56,no_qos,video_call,2,0.0,581.0,
2026-05-03 07:39:57,no_qos,video_call,2,0.0,563.0,
2026-05-03 07:39:58,no_qos,video_call,2,0.0,568.0,
2026-05-03 07:39:59,no_qos,video_call,2,0.0,653.0,
2026-05-03 07:40:01,no_qos,video_call,2,0.0,832.0,
2026-05-03 07:40:03,no_qos,video_call,2,0.0,871.0,
2026-05-03 07:40:07,no_qos,video_call,2,0.0,1839.0,
2026-05-03 07:40:12,no_qos,video_stream,4,0.0,30.0,
2026-05-03 07:40:18,no_qos,video_stream,4,0.0,8867.0,
2026-05-03 07:40:21,no_qos,video_stream,4,0.0,9787.0,
2026-05-03 07:40:22,no_qos,video_stream,4,0.0,3656.0,
2026-05-03 07:40:23,no_qos,video_stream,4,0.0,1983.0,
2026-05-03 07:40:24,no_qos,video_stream,4,0.0,1969.0,
2026-05-03 07:40:25,no_qos,video_stream,4,0.0,1949.0,
2026-05-03 07:40:27,no_qos,video_stream,4,0.0,1965.0,
2026-05-03 07:40:28,no_qos,video_stream,4,0.0,1965.0,
2026-05-03 07:40:29,no_qos,video_stream,4,0.0,1965.0,
2026-05-03 07:40:30,no_qos,video_stream,4,0.0,1976.0,
2026-05-03 07:40:31,no_qos,video_stream,4,0.0,1988.0,
2026-05-03 07:40:32,no_qos,video_stream,4,0.0,2010.0,
2026-05-03 07:40:33,no_qos,video_stream,4,0.0,1997.0,
2026-05-03 07:40:34,no_qos,video_stream,4,0.0,2036.0,
2026-05-03 07:40:36,no_qos,video_stream,4,0.0,2801.0,
2026-05-03 07:40:38,no_qos,video_stream,4,0.0,3353.0,
2026-05-03 07:40:42,no_qos,video_stream,4,0.0,3203.0,
2026-05-03 07:40:47,no_qos,video_stream,4,0.0,10115.0,
2026-05-03 07:40:53,no_qos,video_stream,4,0.0,9933.0,
2026-05-03 07:40:55,no_qos,video_stream,4,0.0,8567.0,
2026-05-03 07:40:56,no_qos,video_stream,4,0.0,2334.0,
2026-05-03 07:40:57,no_qos,video_stream,4,0.0,2022.0,
2026-05-03 07:40:58,no_qos,video_stream,4,0.0,2102.0,
2026-05-03 07:40:59,no_qos,video_stream,4,0.0,1965.0,
2026-05-03 07:41:00,no_qos,video_stream,4,0.0,1961.0,
2026-05-03 07:41:01,no_qos,video_stream,4,0.0,1969.0,
2026-05-03 07:41:02,no_qos,video_stream,4,0.0,1976.0,
2026-05-03 07:41:04,no_qos,video_stream,4,0.0,1999.0,
2026-05-03 07:41:05,no_qos,video_stream,4,0.0,2004.0,
2026-05-03 07:41:06,no_qos,video_stream,4,0.0,1987.0,
2026-05-03 07:41:07,no_qos,video_stream,4,0.0,2358.0,
2026-05-03 07:41:09,no_qos,video_stream,4,0.0,2931.0,
2026-05-03 07:41:11,no_qos,video_stream,4,0.0,3180.0,
2026-05-03 07:41:17,no_qos,video_stream,4,0.0,6576.0,
2026-05-03 07:41:22,no_qos,video_stream,4,0.0,10321.0,
2026-05-03 07:41:25,no_qos,video_stream,4,0.0,9157.0,
2026-05-03 07:41:26,no_qos,video_stream,4,0.0,2519.0,
2026-05-03 07:41:27,no_qos,video_stream,4,0.0,1977.0,
2026-05-03 07:41:28,no_qos,video_stream,4,0.0,1965.0,
2026-05-03 07:41:29,no_qos,video_stream,4,0.0,1974.0,
2026-05-03 07:41:30,no_qos,video_stream,4,0.0,2000.0,
2026-05-03 07:41:31,no_qos,video_stream,4,0.0,1992.0,
2026-05-03 07:41:32,no_qos,video_stream,4,0.0,2011.0,
2026-05-03 07:41:34,no_qos,video_stream,4,0.0,2018.0,
2026-05-03 07:41:35,no_qos,video_stream,4,0.0,2767.0,
2026-05-03 07:41:37,no_qos,video_stream,4,0.0,3373.0,
2026-05-03 07:41:41,no_qos,video_stream,4,0.0,3706.0,
2026-05-03 07:41:47,no_qos,video_stream,4,0.0,10241.0,
2026-05-03 07:41:52,no_qos,video_stream,4,0.0,10081.0,
2026-05-03 07:41:53,no_qos,video_stream,4,0.0,6602.0,
2026-05-03 07:41:54,no_qos,video_stream,4,0.0,2056.0,
2026-05-03 07:41:55,no_qos,video_stream,4,0.0,1959.0,
2026-05-03 07:41:56,no_qos,video_stream,4,0.0,1959.0,
2026-05-03 07:41:58,no_qos,video_stream,4,0.0,1976.0,
2026-05-03 07:41:59,no_qos,video_stream,4,0.0,1987.0,
2026-05-03 07:42:00,no_qos,video_stream,4,0.0,1976.0,
2026-05-03 07:42:01,no_qos,video_stream,4,0.0,1987.0,
2026-05-03 07:42:02,no_qos,video_stream,4,0.0,2194.0,
2026-05-03 07:42:04,no_qos,video_stream,4,0.0,2870.0,
2026-05-03 07:42:06,no_qos,video_stream,4,0.0,3066.0,
2026-05-03 07:42:11,no_qos,video_stream,4,0.0,5705.0,
2026-05-03 07:42:16,no_qos,video_stream,4,0.0,9639.0,
2026-05-03 07:42:22,no_qos,video_stream,4,0.0,10053.0,
2026-05-03 07:42:24,no_qos,video_stream,4,0.0,8805.0,
2026-05-03 07:42:25,no_qos,video_stream,4,0.0,2426.0,
2026-05-03 07:42:26,no_qos,video_stream,4,0.0,1988.0,
2026-05-03 07:42:27,no_qos,video_stream,4,0.0,1948.0,
2026-05-03 07:42:28,no_qos,video_stream,4,0.0,1969.0,
2026-05-03 07:42:29,no_qos,video_stream,4,0.0,1961.0,
2026-05-03 07:42:30,no_qos,video_stream,4,0.0,1996.0,
2026-05-03 07:42:31,no_qos,video_stream,4,0.0,2001.0,
2026-05-03 07:42:33,no_qos,video_stream,4,0.0,1976.0,
2026-05-03 07:42:34,no_qos,video_stream,4,0.0,1987.0,
2026-05-03 07:42:35,no_qos,video_stream,4,0.0,2102.0,
2026-05-03 07:42:37,no_qos,video_stream,4,0.0,3035.0,
2026-05-03 07:42:38,no_qos,video_stream,4,0.0,3089.0,
2026-05-03 07:42:43,no_qos,video_stream,4,0.0,5095.0,
2026-05-03 07:42:49,no_qos,video_stream,4,0.0,9823.0,
2026-05-03 07:42:53,no_qos,video_stream,4,0.0,10170.0,
2026-05-03 07:42:55,no_qos,video_stream,4,0.0,5327.0,
2026-05-03 07:42:56,no_qos,video_stream,4,0.0,2005.0,
2026-05-03 07:42:57,no_qos,video_stream,4,0.0,2177.0,
2026-05-03 07:42:58,no_qos,video_stream,4,0.0,2023.0,
2026-05-03 07:42:59,no_qos,video_stream,4,0.0,1963.0,
2026-05-03 07:43:00,no_qos,video_stream,4,0.0,1956.0,
2026-05-03 07:43:01,no_qos,video_stream,4,0.0,1976.0,
2026-05-03 07:43:02,no_qos,video_stream,4,0.0,1976.0,
2026-05-03 07:43:03,no_qos,video_stream,4,0.0,1999.0,
2026-05-03 07:43:04,no_qos,video_stream,4,0.0,1999.0,
2026-05-03 07:43:06,no_qos,video_stream,4,0.0,1985.0,
2026-05-03 07:43:07,no_qos,video_stream,4,0.0,2689.0,
2026-05-03 07:43:09,no_qos,video_stream,4,0.0,2962.0,
2026-05-03 07:43:12,no_qos,video_stream,4,0.0,3204.0,
2026-05-03 07:43:16,no_qos,gaming,3,0.0,0.0,
2026-05-03 07:43:20,no_qos,gaming,3,0.0,169.0,
2026-05-03 07:43:24,no_qos,gaming,3,0.0,188.0,
2026-05-03 07:43:25,no_qos,gaming,3,0.0,115.0,
2026-05-03 07:43:26,no_qos,gaming,3,0.0,46.0,
2026-05-03 07:43:28,no_qos,gaming,3,0.0,45.0,
2026-05-03 07:43:29,no_qos,gaming,3,0.0,47.0,
2026-05-03 07:43:30,no_qos,gaming,3,0.0,46.0,
2026-05-03 07:43:31,no_qos,gaming,3,0.0,49.0,
2026-05-03 07:43:34,no_qos,gaming,3,0.0,71.0,
2026-05-03 07:43:36,no_qos,gaming,3,0.0,132.0,
2026-05-03 07:43:37,no_qos,gaming,3,0.0,72.0,
2026-05-03 07:43:38,no_qos,gaming,3,0.0,45.0,
2026-05-03 07:43:39,no_qos,gaming,3,0.0,45.0,
2026-05-03 07:43:41,no_qos,gaming,3,0.0,45.0,
2026-05-03 07:43:42,no_qos,gaming,3,0.0,46.0,
2026-05-03 07:43:43,no_qos,gaming,3,0.0,45.0,
2026-05-03 07:43:44,no_qos,gaming,3,0.0,46.0,
2026-05-03 07:43:45,no_qos,gaming,3,0.0,56.0,
2026-05-03 07:43:47,no_qos,gaming,3,0.0,66.0,
2026-05-03 07:43:50,no_qos,gaming,3,0.0,63.0,
2026-05-03 07:43:54,no_qos,gaming,3,0.0,173.0,
2026-05-03 07:43:59,no_qos,gaming,3,0.0,187.0,
2026-05-03 07:44:02,no_qos,gaming,3,0.0,196.0,
2026-05-03 07:44:04,no_qos,gaming,3,0.0,103.0,
2026-05-03 07:44:05,no_qos,gaming,3,0.0,45.0,
2026-05-03 07:44:06,no_qos,gaming,3,0.0,46.0,
2026-05-03 07:44:07,no_qos,gaming,3,0.0,47.0,
2026-05-03 07:44:08,no_qos,gaming,3,0.0,47.0,
2026-05-03 07:44:09,no_qos,gaming,3,0.0,47.0,
2026-05-03 07:44:12,no_qos,gaming,3,0.0,71.0,
2026-05-03 07:44:13,no_qos,gaming,3,0.0,95.0,
2026-05-03 07:44:14,no_qos,gaming,3,0.0,46.0,
2026-05-03 07:44:15,no_qos,gaming,3,0.0,45.0,
2026-05-03 07:44:16,no_qos,gaming,3,0.0,45.0,
2026-05-03 07:44:17,no_qos,gaming,3,0.0,45.0,
2026-05-03 07:44:18,no_qos,gaming,3,0.0,46.0,
2026-05-03 07:44:19,no_qos,gaming,3,0.0,45.0,
2026-05-03 07:44:21,no_qos,gaming,3,0.0,51.0,
2026-05-03 07:44:22,no_qos,gaming,3,0.0,60.0,
2026-05-03 07:44:24,no_qos,gaming,3,0.0,62.0,
2026-05-03 07:44:28,no_qos,gaming,3,0.0,108.0,
2026-05-03 07:44:33,no_qos,gaming,3,0.0,190.0,
2026-05-03 07:44:37,no_qos,gaming,3,0.0,197.0,
2026-05-03 07:44:41,no_qos,gaming,3,0.0,181.0,
2026-05-03 07:44:43,no_qos,gaming,3,0.0,130.0,
2026-05-03 07:44:44,no_qos,gaming,3,0.0,49.0,
2026-05-03 07:44:45,no_qos,gaming,3,0.0,45.0,
2026-05-03 07:44:46,no_qos,gaming,3,0.0,44.0,
2026-05-03 07:44:47,no_qos,gaming,3,0.0,45.0,
2026-05-03 07:44:48,no_qos,gaming,3,0.0,45.0,
2026-05-03 07:44:49,no_qos,gaming,3,0.0,44.0,
2026-05-03 07:44:50,no_qos,gaming,3,0.0,44.0,
2026-05-03 07:44:51,no_qos,gaming,3,0.0,45.0,
2026-05-03 07:44:52,no_qos,gaming,3,0.0,45.0,
2026-05-03 07:44:53,no_qos,gaming,3,0.0,47.0,
2026-05-03 07:44:54,no_qos,gaming,3,0.0,45.0,
2026-05-03 07:44:56,no_qos,gaming,3,0.0,48.0,
2026-05-03 07:44:57,no_qos,gaming,3,0.0,56.0,
2026-05-03 07:44:59,no_qos,gaming,3,0.0,68.0,
2026-05-03 07:45:02,no_qos,gaming,3,0.0,71.0,
2026-05-03 07:45:06,no_qos,gaming,3,0.0,190.0,
2026-05-03 07:45:10,no_qos,gaming,3,0.0,166.0,
2026-05-03 07:45:13,no_qos,gaming,3,0.0,149.0,
2026-05-03 07:45:17,no_qos,gaming,3,0.0,146.0,
2026-05-03 07:45:18,no_qos,gaming,3,0.0,124.0,
2026-05-03 07:45:19,no_qos,gaming,3,0.0,49.0,
2026-05-03 07:45:20,no_qos,gaming,3,0.0,44.0,
2026-05-03 07:45:21,no_qos,gaming,3,0.0,44.0,
2026-05-03 07:45:22,no_qos,gaming,3,0.0,44.0,
2026-05-03 07:45:23,no_qos,gaming,3,0.0,45.0,
2026-05-03 07:45:25,no_qos,gaming,3,0.0,45.0,
2026-05-03 07:45:26,no_qos,gaming,3,0.0,45.0,
2026-05-03 07:45:27,no_qos,gaming,3,0.0,45.0,
2026-05-03 07:45:28,no_qos,gaming,3,0.0,45.0,
2026-05-03 07:45:29,no_qos,gaming,3,0.0,45.0,
2026-05-03 07:45:30,no_qos,gaming,3,0.0,48.0,
2026-05-03 07:45:31,no_qos,gaming,3,0.0,51.0,
2026-05-03 07:45:32,no_qos,gaming,3,0.0,51.0,
2026-05-03 07:45:35,no_qos,gaming,3,0.0,55.0,
2026-05-03 07:45:38,no_qos,gaming,3,0.0,143.0,
2026-05-03 07:45:42,no_qos,gaming,3,0.0,150.0,
2026-05-03 07:45:45,no_qos,gaming,3,0.0,150.0,
2026-05-03 07:45:49,no_qos,gaming,3,0.0,148.0,
2026-05-03 07:45:50,no_qos,gaming,3,0.0,116.0,
2026-05-03 07:45:51,no_qos,gaming,3,0.0,48.0,
2026-05-03 07:45:52,no_qos,gaming,3,0.0,45.0,
2026-05-03 07:45:53,no_qos,gaming,3,0.0,45.0,
2026-05-03 07:45:55,no_qos,gaming,3,0.0,43.0,
2026-05-03 07:45:56,no_qos,gaming,3,0.0,45.0,
2026-05-03 07:45:57,no_qos,gaming,3,0.0,45.0,
2026-05-03 07:45:58,no_qos,gaming,3,0.0,45.0,
2026-05-03 07:45:59,no_qos,gaming,3,0.0,45.0,
2026-05-03 07:46:00,no_qos,gaming,3,0.0,44.0,
2026-05-03 07:46:01,no_qos,gaming,3,0.0,45.0,
2026-05-03 07:46:02,no_qos,gaming,3,0.0,46.0,
2026-05-03 07:46:03,no_qos,gaming,3,0.0,46.0,
2026-05-03 07:46:04,no_qos,gaming,3,0.0,53.0,
2026-05-03 07:46:06,no_qos,gaming,3,0.0,52.0,
2026-05-03 07:46:08,no_qos,gaming,3,0.0,57.0,
2026-05-03 07:46:12,no_qos,gaming,3,0.0,150.0,
2026-05-03 07:46:15,no_qos,gaming,3,0.0,150.0,
2026-05-03 07:46:18,no_qos,bulk,9,0.0,14.0,
2026-05-03 07:46:20,no_qos,bulk,9,0.0,4488.0,
2026-05-03 07:46:21,no_qos,bulk,9,0.0,4568.0,
2026-05-03 07:46:22,no_qos,bulk,9,0.0,4348.0,
2026-05-03 07:46:23,no_qos,bulk,9,0.0,4352.0,
2026-05-03 07:46:24,no_qos,bulk,9,0.0,4338.0,
2026-05-03 07:46:25,no_qos,bulk,9,0.0,4338.0,
2026-05-03 07:46:26,no_qos,bulk,9,0.0,4338.0,
2026-05-03 07:46:27,no_qos,bulk,9,0.0,4350.0,
2026-05-03 07:46:28,no_qos,bulk,9,0.0,4384.0,
2026-05-03 07:46:29,no_qos,bulk,9,0.0,4376.0,
2026-05-03 07:46:30,no_qos,bulk,9,0.0,4404.0,
2026-05-03 07:46:31,no_qos,bulk,9,0.0,4407.0,
2026-05-03 07:46:33,no_qos,bulk,9,0.0,4821.0,
2026-05-03 07:46:34,no_qos,bulk,9,0.0,6093.0,
2026-05-03 07:46:36,no_qos,bulk,9,0.0,6036.0,
2026-05-03 07:46:41,no_qos,bulk,9,0.0,9802.0,
2026-05-03 07:46:47,no_qos,bulk,9,0.0,23859.0,
2026-05-03 07:46:51,no_qos,bulk,9,0.0,23575.0,
2026-05-03 07:46:52,no_qos,bulk,9,0.0,10320.0,
2026-05-03 07:46:53,no_qos,bulk,9,0.0,4475.0,
2026-05-03 07:46:54,no_qos,bulk,9,0.0,4556.0,
2026-05-03 07:46:55,no_qos,bulk,9,0.0,4499.0,
2026-05-03 07:46:56,no_qos,bulk,9,0.0,4337.0,
2026-05-03 07:46:57,no_qos,bulk,9,0.0,4338.0,
2026-05-03 07:46:59,no_qos,bulk,9,0.0,4350.0,
2026-05-03 07:47:00,no_qos,bulk,9,0.0,4372.0,
2026-05-03 07:47:01,no_qos,bulk,9,0.0,4407.0,
2026-05-03 07:47:02,no_qos,bulk,9,0.0,4384.0,
2026-05-03 07:47:03,no_qos,bulk,9,0.0,4407.0,
2026-05-03 07:47:04,no_qos,bulk,9,0.0,5474.0,
2026-05-03 07:47:06,no_qos,bulk,9,0.0,6198.0,
2026-05-03 07:47:08,no_qos,bulk,9,0.0,6397.0,
2026-05-03 07:47:14,no_qos,bulk,9,0.0,15429.0,
2026-05-03 07:47:19,no_qos,bulk,9,0.0,22423.0,
2026-05-03 07:47:24,no_qos,bulk,9,0.0,23316.0,
2026-05-03 07:47:25,no_qos,bulk,9,0.0,11677.0,
2026-05-03 07:47:26,no_qos,bulk,9,0.0,4454.0,
2026-05-03 07:47:27,no_qos,bulk,9,0.0,4338.0,
2026-05-03 07:47:28,no_qos,bulk,9,0.0,4329.0,
2026-05-03 07:47:29,no_qos,bulk,9,0.0,4335.0,
2026-05-03 07:47:30,no_qos,bulk,9,0.0,4338.0,
2026-05-03 07:47:31,no_qos,bulk,9,0.0,4336.0,
2026-05-03 07:47:32,no_qos,bulk,9,0.0,4351.0,
2026-05-03 07:47:34,no_qos,bulk,9,0.0,4373.0,
2026-05-03 07:47:35,no_qos,bulk,9,0.0,4417.0,
2026-05-03 07:47:36,no_qos,bulk,9,0.0,4378.0,
2026-05-03 07:47:37,no_qos,bulk,9,0.0,4392.0,
2026-05-03 07:47:38,no_qos,bulk,9,0.0,5174.0,
2026-05-03 07:47:40,no_qos,bulk,9,0.0,6049.0,
2026-05-03 07:47:41,no_qos,bulk,9,0.0,6415.0,
2026-05-03 07:47:47,no_qos,bulk,9,0.0,12673.0,
2026-05-03 07:47:52,no_qos,bulk,9,0.0,22894.0,
2026-05-03 07:47:58,no_qos,bulk,9,0.0,21949.0,
2026-05-03 07:48:00,no_qos,bulk,9,0.0,21221.0,
2026-05-03 07:48:02,no_qos,bulk,9,0.0,5417.0,
2026-05-03 07:48:03,no_qos,bulk,9,0.0,4362.0,
2026-05-03 07:48:04,no_qos,bulk,9,0.0,4326.0,
2026-05-03 07:48:05,no_qos,bulk,9,0.0,4350.0,
2026-05-03 07:48:06,no_qos,bulk,9,0.0,4384.0,
2026-05-03 07:48:07,no_qos,bulk,9,0.0,4384.0,
2026-05-03 07:48:08,no_qos,bulk,9,0.0,4394.0,
2026-05-03 07:48:09,no_qos,bulk,9,0.0,4432.0,
2026-05-03 07:48:11,no_qos,bulk,9,0.0,5335.0,
2026-05-03 07:48:12,no_qos,bulk,9,0.0,5755.0,
2026-05-03 07:48:14,no_qos,bulk,9,0.0,6140.0,
2026-05-03 07:48:19,no_qos,bulk,9,0.0,13386.0,
2026-05-03 07:48:23,no_qos,bulk,9,0.0,23091.0,
2026-05-03 07:48:24,no_qos,bulk,9,0.0,6488.0,
2026-05-03 07:48:25,no_qos,bulk,9,0.0,4807.0,
2026-05-03 07:48:26,no_qos,bulk,9,0.0,4492.0,
2026-05-03 07:48:27,no_qos,bulk,9,0.0,5094.0,
2026-05-03 07:48:28,no_qos,bulk,9,0.0,4679.0,
2026-05-03 07:48:30,no_qos,bulk,9,0.0,4593.0,
2026-05-03 07:48:31,no_qos,bulk,9,0.0,4681.0,
2026-05-03 07:48:32,no_qos,bulk,9,0.0,5748.0,
2026-05-03 07:48:34,no_qos,bulk,9,0.0,5970.0,
2026-05-03 07:48:38,no_qos,bulk,9,0.0,6060.0,
2026-05-03 07:48:44,no_qos,bulk,9,0.0,24802.0,
2026-05-03 07:48:49,no_qos,bulk,9,0.0,24333.0,
2026-05-03 07:48:50,no_qos,bulk,9,0.0,13281.0,
2026-05-03 07:48:51,no_qos,bulk,9,0.0,4476.0,
2026-05-03 07:48:52,no_qos,bulk,9,0.0,4348.0,
2026-05-03 07:48:53,no_qos,bulk,9,0.0,4329.0,
2026-05-03 07:48:54,no_qos,bulk,9,0.0,4350.0,
2026-05-03 07:48:56,no_qos,bulk,9,0.0,4348.0,
2026-05-03 07:48:57,no_qos,bulk,9,0.0,4363.0,
2026-05-03 07:48:58,no_qos,bulk,9,0.0,4396.0,
2026-05-03 07:48:59,no_qos,bulk,9,0.0,4384.0,
2026-05-03 07:49:00,no_qos,bulk,9,0.0,4384.0,
2026-05-03 07:49:02,no_qos,bulk,9,0.0,6287.0,
2026-05-03 07:49:04,no_qos,bulk,9,0.0,7984.0,
2026-05-03 07:49:10,no_qos,bulk,9,0.0,9655.0,
2026-05-03 07:49:17,no_qos,bulk,9,0.0,31017.0,
2026-05-03 07:49:18,no_qos,bulk,9,0.0,19729.0,
2026-05-03 07:49:19,no_qos,bulk,9,0.0,2398.0,
2026-05-03 07:49:20,no_qos,bulk,9,0.0,0.0,
2026-05-03 07:49:21,no_qos,web,5,0.0,0.0,
2026-05-03 07:49:22,no_qos,web,5,0.0,21.0,
2026-05-03 07:49:23,no_qos,web,5,0.0,46.0,
2026-05-03 07:49:24,no_qos,web,5,0.0,46.0,
2026-05-03 07:49:26,no_qos,web,5,0.0,42.0,
2026-05-03 07:49:27,no_qos,web,5,0.0,46.0,
2026-05-03 07:49:28,no_qos,web,5,0.0,51.0,
2026-05-03 07:49:29,no_qos,web,5,0.0,46.0,
2026-05-03 07:49:31,no_qos,web,5,0.0,51.0,
2026-05-03 07:49:34,no_qos,web,5,0.0,119.0,
2026-05-03 07:49:37,no_qos,web,5,0.0,136.0,
2026-05-03 07:49:38,no_qos,web,5,0.0,85.0,
2026-05-03 07:49:39,no_qos,web,5,0.0,42.0,
2026-05-03 07:49:40,no_qos,web,5,0.0,46.0,
2026-05-03 07:49:41,no_qos,web,5,0.0,46.0,
2026-05-03 07:49:42,no_qos,web,5,0.0,42.0,
2026-05-03 07:49:43,no_qos,web,5,0.0,46.0,
2026-05-03 07:49:44,no_qos,web,5,0.0,42.0,
2026-05-03 07:49:46,no_qos,web,5,0.0,46.0,
2026-05-03 07:49:47,no_qos,web,5,0.0,46.0,
2026-05-03 07:49:48,no_qos,web,5,0.0,51.0,
2026-05-03 07:49:49,no_qos,web,5,0.0,46.0,
2026-05-03 07:49:51,no_qos,web,5,0.0,51.0,
2026-05-03 07:49:54,no_qos,web,5,0.0,119.0,
2026-05-03 07:49:57,no_qos,web,5,0.0,136.0,
2026-05-03 07:50:01,no_qos,web,5,0.0,132.0,
2026-05-03 07:50:04,no_qos,web,5,0.0,140.0,
2026-05-03 07:50:05,no_qos,web,5,0.0,98.0,
2026-05-03 07:50:06,no_qos,web,5,0.0,51.0,
2026-05-03 07:50:07,no_qos,web,5,0.0,42.0,
2026-05-03 07:50:08,no_qos,web,5,0.0,46.0,
2026-05-03 07:50:09,no_qos,web,5,0.0,42.0,
2026-05-03 07:50:10,no_qos,web,5,0.0,46.0,
2026-05-03 07:50:11,no_qos,web,5,0.0,46.0,
2026-05-03 07:50:12,no_qos,web,5,0.0,42.0,
2026-05-03 07:50:13,no_qos,web,5,0.0,46.0,
2026-05-03 07:50:15,no_qos,web,5,0.0,46.0,
2026-05-03 07:50:16,no_qos,web,5,0.0,46.0,
2026-05-03 07:50:17,no_qos,web,5,0.0,51.0,
2026-05-03 07:50:19,no_qos,web,5,0.0,51.0,
2026-05-03 07:50:22,no_qos,web,5,0.0,106.0,
2026-05-03 07:50:25,no_qos,web,5,0.0,136.0,
2026-05-03 07:50:28,no_qos,web,5,0.0,136.0,
2026-05-03 07:50:30,no_qos,web,5,0.0,136.0,
2026-05-03 07:50:31,no_qos,web,5,0.0,59.0,
2026-05-03 07:50:33,no_qos,web,5,0.0,42.0,
2026-05-03 07:50:34,no_qos,web,5,0.0,46.0,
2026-05-03 07:50:35,no_qos,web,5,0.0,46.0,
2026-05-03 07:50:36,no_qos,web,5,0.0,42.0,
2026-05-03 07:50:37,no_qos,web,5,0.0,46.0,
2026-05-03 07:50:38,no_qos,web,5,0.0,42.0,
2026-05-03 07:50:39,no_qos,web,5,0.0,46.0,
2026-05-03 07:50:40,no_qos,web,5,0.0,42.0,
2026-05-03 07:50:41,no_qos,web,5,0.0,46.0,
2026-05-03 07:50:42,no_qos,web,5,0.0,46.0,
2026-05-03 07:50:43,no_qos,web,5,0.0,42.0,
2026-05-03 07:50:44,no_qos,web,5,0.0,46.0,
2026-05-03 07:50:45,no_qos,web,5,0.0,51.0,
2026-05-03 07:50:47,no_qos,web,5,0.0,51.0,
2026-05-03 07:50:48,no_qos,web,5,0.0,46.0,
2026-05-03 07:50:51,no_qos,web,5,0.0,85.0,
2026-05-03 07:50:54,no_qos,web,5,0.0,136.0,
2026-05-03 07:50:57,no_qos,web,5,0.0,136.0,
2026-05-03 07:51:01,no_qos,web,5,0.0,132.0,
2026-05-03 07:51:04,no_qos,web,5,0.0,132.0,
2026-05-03 07:51:07,no_qos,web,5,0.0,140.0,
2026-05-03 07:51:08,no_qos,web,5,0.0,102.0,
2026-05-03 07:51:09,no_qos,web,5,0.0,46.0,
2026-05-03 07:51:10,no_qos,web,5,0.0,42.0,
2026-05-03 07:51:11,no_qos,web,5,0.0,46.0,
2026-05-03 07:51:12,no_qos,web,5,0.0,42.0,
2026-05-03 07:51:13,no_qos,web,5,0.0,46.0,
2026-05-03 07:51:14,no_qos,web,5,0.0,46.0,
2026-05-03 07:51:15,no_qos,web,5,0.0,42.0,
2026-05-03 07:51:16,no_qos,web,5,0.0,46.0,
2026-05-03 07:51:17,no_qos,web,5,0.0,42.0,
2026-05-03 07:51:19,no_qos,web,5,0.0,46.0,
2026-05-03 07:51:20,no_qos,web,5,0.0,42.0,
2026-05-03 07:51:21,no_qos,web,5,0.0,46.0,
2026-05-03 07:51:22,no_qos,web,5,0.0,46.0,
2026-05-03 07:51:23,no_qos,web,5,0.0,42.0,
2026-05-03 07:51:24,no_qos,web,5,0.0,46.0,
2026-05-03 07:51:25,no_qos,web,5,0.0,46.0,
2026-05-03 07:51:26,no_qos,web,5,0.0,51.0,
2026-05-03 07:51:27,no_qos,web,5,0.0,51.0,
2026-05-03 07:51:30,no_qos,web,5,0.0,55.0,
2026-05-03 07:51:33,no_qos,web,5,0.0,136.0,
2026-05-03 07:51:36,no_qos,web,5,0.0,136.0,
2026-05-03 07:51:40,no_qos,web,5,0.0,136.0,
2026-05-03 07:51:43,no_qos,web,5,0.0,136.0,
2026-05-03 07:51:46,no_qos,web,5,0.0,136.0,
2026-05-03 07:51:48,no_qos,web,5,0.0,119.0,
2026-05-03 07:51:49,no_qos,web,5,0.0,55.0,
2026-05-03 07:51:50,no_qos,web,5,0.0,46.0,
2026-05-03 07:51:51,no_qos,web,5,0.0,42.0,
2026-05-03 07:51:52,no_qos,web,5,0.0,46.0,
2026-05-03 07:51:53,no_qos,web,5,0.0,42.0,
2026-05-03 07:51:54,no_qos,web,5,0.0,46.0,
2026-05-03 07:51:55,no_qos,web,5,0.0,46.0,
2026-05-03 07:51:56,no_qos,web,5,0.0,42.0,
2026-05-03 07:51:57,no_qos,web,5,0.0,46.0,
2026-05-03 07:51:58,no_qos,web,5,0.0,42.0,
2026-05-03 07:51:59,no_qos,web,5,0.0,46.0,
2026-05-03 07:52:00,no_qos,web,5,0.0,46.0,
2026-05-03 07:52:02,no_qos,web,5,0.0,46.0,
2026-05-03 07:52:03,no_qos,web,5,0.0,46.0,
2026-05-03 07:52:04,no_qos,web,5,0.0,51.0,
2026-05-03 07:52:06,no_qos,web,5,0.0,51.0,
2026-05-03 07:52:09,no_qos,web,5,0.0,102.0,
2026-05-03 07:52:12,no_qos,web,5,0.0,128.0,
2026-05-03 07:52:15,no_qos,web,5,0.0,136.0,
2026-05-03 07:52:17,no_qos,web,5,0.0,123.0,
2026-05-03 07:52:18,no_qos,web,5,0.0,51.0,
2026-05-03 07:52:19,no_qos,web,5,0.0,46.0,
2026-05-03 07:52:20,no_qos,web,5,0.0,46.0,
2026-05-03 07:52:21,no_qos,web,5,0.0,42.0,
2026-05-03 07:52:22,no_qos,web,5,0.0,38.0,
2026-05-03 07:52:23,no_qos,web,5,0.0,0.0,
2026-05-03 07:52:24,no_qos,web,5,0.0,0.0,
2026-05-03 07:52:25,no_qos,iot,9,0.0,0.0,
2026-05-03 07:52:26,no_qos,iot,9,0.0,1.0,
2026-05-03 07:52:27,no_qos,iot,9,0.0,1.0,
2026-05-03 07:52:28,no_qos,iot,9,0.0,2.0,
2026-05-03 07:52:30,no_qos,iot,9,0.0,1.0,
2026-05-03 07:52:31,no_qos,iot,9,0.0,2.0,
2026-05-03 07:52:32,no_qos,iot,9,0.0,2.0,
2026-05-03 07:52:35,no_qos,iot,9,0.0,2.0,
2026-05-03 07:52:38,no_qos,iot,9,0.0,6.0,
2026-05-03 07:52:41,no_qos,iot,9,0.0,5.0,
2026-05-03 07:52:43,no_qos,iot,9,0.0,5.0,
2026-05-03 07:52:44,no_qos,iot,9,0.0,2.0,
2026-05-03 07:52:45,no_qos,iot,9,0.0,1.0,
2026-05-03 07:52:46,no_qos,iot,9,0.0,1.0,
2026-05-03 07:52:47,no_qos,iot,9,0.0,2.0,
2026-05-03 07:52:48,no_qos,iot,9,0.0,1.0,
2026-05-03 07:52:49,no_qos,iot,9,0.0,1.0,
2026-05-03 07:52:51,no_qos,iot,9,0.0,2.0,
2026-05-03 07:52:53,no_qos,iot,9,0.0,4.0,
2026-05-03 07:52:56,no_qos,iot,9,0.0,3.0,
2026-05-03 07:52:59,no_qos,iot,9,0.0,5.0,
2026-05-03 07:53:02,no_qos,iot,9,0.0,5.0,
2026-05-03 07:53:04,no_qos,iot,9,0.0,5.0,
2026-05-03 07:53:05,no_qos,iot,9,0.0,3.0,
2026-05-03 07:53:07,no_qos,iot,9,0.0,1.0,
2026-05-03 07:53:08,no_qos,iot,9,0.0,1.0,
2026-05-03 07:53:09,no_qos,iot,9,0.0,2.0,
2026-05-03 07:53:10,no_qos,iot,9,0.0,1.0,
2026-05-03 07:53:11,no_qos,iot,9,0.0,1.0,
2026-05-03 07:53:12,no_qos,iot,9,0.0,1.0,
2026-05-03 07:53:13,no_qos,iot,9,0.0,2.0,
2026-05-03 07:53:14,no_qos,iot,9,0.0,1.0,
2026-05-03 07:53:15,no_qos,iot,9,0.0,1.0,
2026-05-03 07:53:16,no_qos,iot,9,0.0,2.0,
2026-05-03 07:53:17,no_qos,iot,9,0.0,1.0,
2026-05-03 07:53:18,no_qos,iot,9,0.0,2.0,
2026-05-03 07:53:20,no_qos,iot,9,0.0,1.0,
2026-05-03 07:53:22,no_qos,iot,9,0.0,2.0,
2026-05-03 07:53:25,no_qos,iot,9,0.0,5.0,
2026-05-03 07:53:28,no_qos,iot,9,0.0,5.0,
2026-05-03 07:53:31,no_qos,iot,9,0.0,5.0,
2026-05-03 07:53:34,no_qos,iot,9,0.0,5.0,
2026-05-03 07:53:35,no_qos,iot,9,0.0,3.0,
2026-05-03 07:53:36,no_qos,iot,9,0.0,1.0,
2026-05-03 07:53:37,no_qos,iot,9,0.0,1.0,
2026-05-03 07:53:38,no_qos,iot,9,0.0,2.0,
2026-05-03 07:53:39,no_qos,iot,9,0.0,1.0,
2026-05-03 07:53:40,no_qos,iot,9,0.0,1.0,
2026-05-03 07:53:41,no_qos,iot,9,0.0,2.0,
2026-05-03 07:53:42,no_qos,iot,9,0.0,1.0,
2026-05-03 07:53:43,no_qos,iot,9,0.0,1.0,
2026-05-03 07:53:44,no_qos,iot,9,0.0,2.0,
2026-05-03 07:53:45,no_qos,iot,9,0.0,1.0,
2026-05-03 07:53:46,no_qos,iot,9,0.0,1.0,
2026-05-03 07:53:47,no_qos,iot,9,0.0,2.0,
2026-05-03 07:53:49,no_qos,iot,9,0.0,1.0,
2026-05-03 07:53:50,no_qos,iot,9,0.0,2.0,
2026-05-03 07:53:51,no_qos,iot,9,0.0,2.0,
2026-05-03 07:53:54,no_qos,iot,9,0.0,3.0,
2026-05-03 07:53:57,no_qos,iot,9,0.0,5.0,
2026-05-03 07:54:00,no_qos,iot,9,0.0,5.0,
2026-05-03 07:54:03,no_qos,iot,9,0.0,5.0,
2026-05-03 07:54:06,no_qos,iot,9,0.0,5.0,
2026-05-03 07:54:07,no_qos,iot,9,0.0,2.0,
2026-05-03 07:54:08,no_qos,iot,9,0.0,1.0,
2026-05-03 07:54:09,no_qos,iot,9,0.0,2.0,
2026-05-03 07:54:10,no_qos,iot,9,0.0,1.0,
2026-05-03 07:54:11,no_qos,iot,9,0.0,1.0,
2026-05-03 07:54:12,no_qos,iot,9,0.0,2.0,
2026-05-03 07:54:13,no_qos,iot,9,0.0,1.0,
2026-05-03 07:54:14,no_qos,iot,9,0.0,1.0,
2026-05-03 07:54:15,no_qos,iot,9,0.0,1.0,
2026-05-03 07:54:16,no_qos,iot,9,0.0,2.0,
2026-05-03 07:54:17,no_qos,iot,9,0.0,1.0,
2026-05-03 07:54:19,no_qos,iot,9,0.0,2.0,
2026-05-03 07:54:21,no_qos,iot,9,0.0,2.0,
2026-05-03 07:54:24,no_qos,iot,9,0.0,5.0,
2026-05-03 07:54:27,no_qos,iot,9,0.0,5.0,
2026-05-03 07:54:30,no_qos,iot,9,0.0,5.0,
2026-05-03 07:54:32,no_qos,iot,9,0.0,5.0,
2026-05-03 07:54:33,no_qos,iot,9,0.0,2.0,
2026-05-03 07:54:34,no_qos,iot,9,0.0,1.0,
2026-05-03 07:54:35,no_qos,iot,9,0.0,2.0,
2026-05-03 07:54:36,no_qos,iot,9,0.0,1.0,
2026-05-03 07:54:37,no_qos,iot,9,0.0,1.0,
2026-05-03 07:54:38,no_qos,iot,9,0.0,2.0,
2026-05-03 07:54:39,no_qos,iot,9,0.0,1.0,
2026-05-03 07:54:40,no_qos,iot,9,0.0,1.0,
2026-05-03 07:54:42,no_qos,iot,9,0.0,2.0,
2026-05-03 07:54:43,no_qos,iot,9,0.0,1.0,
2026-05-03 07:54:44,no_qos,iot,9,0.0,2.0,
2026-05-03 07:54:46,no_qos,iot,9,0.0,2.0,
2026-05-03 07:54:49,no_qos,iot,9,0.0,5.0,
2026-05-03 07:54:53,no_qos,iot,9,0.0,5.0,
2026-05-03 07:54:56,no_qos,iot,9,0.0,5.0,
2026-05-03 07:54:58,no_qos,iot,9,0.0,5.0,
2026-05-03 07:55:00,no_qos,iot,9,0.0,4.0,
2026-05-03 07:55:01,no_qos,iot,9,0.0,1.0,
2026-05-03 07:55:02,no_qos,iot,9,0.0,2.0,
2026-05-03 07:55:03,no_qos,iot,9,0.0,1.0,
2026-05-03 07:55:04,no_qos,iot,9,0.0,1.0,
2026-05-03 07:55:05,no_qos,iot,9,0.0,1.0,
2026-05-03 07:55:06,no_qos,iot,9,0.0,2.0,
2026-05-03 07:55:07,no_qos,iot,9,0.0,1.0,
2026-05-03 07:55:08,no_qos,iot,9,0.0,1.0,
2026-05-03 07:55:09,no_qos,iot,9,0.0,2.0,
2026-05-03 07:55:10,no_qos,iot,9,0.0,1.0,
2026-05-03 07:55:11,no_qos,iot,9,0.0,2.0,
2026-05-03 07:55:12,no_qos,iot,9,0.0,1.0,
2026-05-03 07:55:14,no_qos,iot,9,0.0,2.0,
2026-05-03 07:55:16,no_qos,iot,9,0.0,2.0,
2026-05-03 07:55:19,no_qos,iot,9,0.0,4.0,
2026-05-03 07:55:22,no_qos,iot,9,0.0,5.0,
2026-05-03 07:55:25,no_qos,iot,9,0.0,5.0,
